{
    "accuracy": 0.8417881672490661,
    "precision": 0.8330635838150289,
    "recall": 0.8590844062947067,
    "auc": 0.9191136691416367
}